Target Table Name,Target Column Name,Target Column Data Type,Source Table Name,Source Column Name,Source Column Data Type,Mapping Type,Transformation Logic only if needed,Note or Remarks,Evidence for Mapping,Mapping Percentage
shipment_geography,shipment_id,bigint,shipment,shipment_id,bigint,DIRECT,,Primary key from source shipment table.,Source shipment.shipment_id exists and uniquely identifies each shipment.,99
shipment_geography,customer_name,character varying,customer,customer_name,varchar(150),LOOKUP,JOIN shipment.customer_id = customer.customer_id,Customer name lookup via shipment-to-customer relationship.,Verified join path in source schema and sample join output.,98
shipment_geography,office_name,character varying,office,office_name,varchar(150),LOOKUP,JOIN shipment.office_id = office.office_id,Office name lookup via shipment-to-office relationship.,Verified join path in source schema and sample join output.,98
shipment_geography,pincode,character varying,pin_code,pincode,varchar(10),LOOKUP,JOIN shipment.office_id = office.office_id AND office.pincode_id = pin_code.pincode_id,Pincode derived from office mapped to pin_code table.,Verified through source foreign-key style relationships and joins.,98
shipment_geography,city_name,character varying,city,city_name,varchar(100),LOOKUP,JOIN shipment.office_id = office.office_id AND office.pincode_id = pin_code.pincode_id AND pin_code.city_id = city.city_id,City name derived through office and pincode hierarchy.,Verified through source table linkage and sample joined data.,98
shipment_geography,zone_name,character varying,zone,zone_name,varchar(100),LOOKUP,JOIN shipment.office_id = office.office_id AND office.pincode_id = pin_code.pincode_id AND pin_code.city_id = city.city_id AND city.zone_id = zone.zone_id,Zone name derived from city-zone relationship.,Verified through source schema columns and successful join chain.,98
shipment_geography,state_name,character varying,state,state_name,varchar(100),LOOKUP,JOIN shipment.office_id = office.office_id AND office.pincode_id = pin_code.pincode_id AND pin_code.city_id = city.city_id AND city.state_id = state.state_id,State name derived from city-state relationship.,Verified through source schema columns and successful join chain.,98
shipment_geography,region_name,character varying,region,region_name,varchar(100),LOOKUP,JOIN shipment.office_id = office.office_id AND office.pincode_id = pin_code.pincode_id AND pin_code.city_id = city.city_id AND city.state_id = state.state_id AND state.region_id = region.region_id,Region name derived from state-region relationship.,Verified through source schema columns and successful join chain.,98
shipment_geography,country_name,character varying,country,country_name,varchar(100),LOOKUP,JOIN shipment.office_id = office.office_id AND office.pincode_id = pin_code.pincode_id AND pin_code.city_id = city.city_id AND city.state_id = state.state_id AND state.region_id = region.region_id AND region.country_id = country.country_id,Country name derived from region-country relationship.,Verified through source schema columns and successful join chain.,98
